Koncentration,Gennemsnit
0.0,0.001
0.1,0.216
0.2,0.40425
0.3,0.5565
0.4,0.65175
